,Movie Title
0,Advanced title search
1,1. Anora
2,2. The Brutalist
3,3. Emilia PÃ©rez
4,4. The Substance
5,5. Conclave
6,6. A Complete Unknown
7,7. A Real Pain
8,8. I'm Still Here
9,9. Flow
10,10. Nosferatu
11,11. Wicked
12,12. The Apprentice
13,13. No Other Land
14,14. Nickel Boys
15,15. Heretic
16,16. Dune: Part Two
17,17. Venom: The Last Dance
18,18. Queen of the Ring
19,19. Gladiator II
20,20. The Wild Robot
21,21. Babygirl
22,22. September 5
23,23. Sonic the Hedgehog 3
24,24. The Lord of the Rings: The War of the Rohirrim
25,25. Presence
26,26. The Order
27,27. Longlegs
28,28. Mufasa: The Lion King
29,29. Riff Raff
30,30. The Last Showgirl
31,31. William Tell
32,32. Kraven the Hunter
33,33. It Ends with Us
34,34. Pushpa: The Rule - Part 2
35,35. Furiosa: A Mad Max Saga
36,36. Elevation
37,37. Despicable Me 4
38,38. Blink Twice
39,39. The Surfer
40,40. Borderlands
41,41. Eden
42,42. Paddington in Peru
43,43. Better Man
44,44. We Live in Time
45,45. Saturday Night
46,46. Deadpool & Wolverine
47,47. Juror #2
48,48. Alien: Romulus
49,49. Parthenope
50,50. The Ministry of Ungentlemanly Warfare
51,Recently viewed
